{"cameraMode":{"drawMode":0,"name":"Shaded","section":"Shading Mode"},"sceneLighting":false,"audioPlay":false,"sceneViewState":{"showFog":true,"showMaterialUpdate":false,"showSkybox":false,"showFlares":true,"showImageEffects":true,"showParticleSystems":true},"in2DMode":false,"pivot":{"x":-0.0016304850578308106,"y":0.8154854774475098,"z":-0.0024317502975463869},"rotation":{"x":0.005923402961343527,"y":-0.9802513122558594,"z":0.19545304775238038,"w":0.029701679944992067},"size":1.1300058364868165,"orthographic":false}